,City,Latitude,Longitude,Max Temp,Humidity,Cloudiness,Wind Speed,Country,Date
0,Ushuaia,-54.8,-68.3,50.0,71,75,24.16,AR,1604083876
1,Punta de Piedra,7.62,-71.49,89.62,61,6,4.07,VE,1604084491
2,Hithadhoo,-0.6,73.08,83.12,76,78,9.84,MV,1604083859
3,Barrow,71.29,-156.79,19.4,92,90,13.87,US,1604084158
4,Cap Malheureux,-19.98,57.61,68.0,57,0,3.0,MU,1604084494
5,Balkanabat,39.51,54.37,64.83,24,0,11.5,TM,1604084495
6,Constitución,-35.33,-72.42,67.66,53,0,8.03,CL,1604084168
7,Batemans Bay,-35.72,150.18,62.01,96,100,8.88,AU,1604084157
8,Tuktoyaktuk,69.45,-133.04,6.8,84,75,6.93,CA,1604083897
9,Hobart,-42.88,147.33,46.0,93,40,6.93,AU,1604083881
10,Mataura,-46.19,168.86,55.0,97,100,3.0,NZ,1604084141
11,Henties Bay,-22.12,14.28,57.99,82,90,9.04,NA,1604084176
12,Saskylakh,71.92,114.08,-1.91,85,0,6.15,RU,1604083914
13,Rikitea,-23.12,-134.97,75.63,69,0,8.19,PF,1604083877
14,Nikolskoye,59.7,30.79,48.0,93,90,3.06,RU,1604084148
15,Deputatsky,69.3,139.9,3.36,96,100,1.1,RU,1604084163
16,Pevek,69.7,170.31,22.86,94,84,6.46,RU,1604083959
17,Bredasdorp,-34.53,20.04,53.6,62,0,4.7,ZA,1604083887
18,Bo Rai,12.57,102.54,74.7,91,86,1.92,TH,1604084510
19,Ketchikan,55.34,-131.65,44.6,86,40,4.7,US,1604084511
20,Hong Kong,22.29,114.16,75.0,78,66,1.01,HK,1604084123
21,Sur,22.57,59.53,72.99,62,0,3.69,OM,1604084513
22,Provideniya,64.38,-173.3,23.92,93,98,6.58,RU,1604083951
23,Wattens,47.27,11.6,48.0,93,20,2.24,AT,1604084515
24,Polunochnoye,60.87,60.42,29.8,95,18,4.27,RU,1604084358
25,Bluff,-46.6,168.33,55.0,97,100,3.0,NZ,1604084139
26,Jamestown,42.1,-79.24,37.99,93,90,5.82,US,1604084144
27,Chui,-33.7,-53.46,60.37,70,29,11.63,UY,1604084146
28,Hamilton,39.18,-84.53,50.0,61,75,9.17,US,1604084405
29,Clyde River,70.47,-68.59,15.8,85,75,16.11,CA,1604084132
30,Iqaluit,63.75,-68.51,3.2,65,20,5.82,CA,1604084192
31,Fort Nelson,58.81,-122.7,21.2,92,90,10.29,CA,1604083944
32,Busselton,-33.65,115.33,61.0,59,0,3.04,AU,1604084130
33,Brae,60.4,-1.35,50.0,71,40,28.86,GB,1604084201
34,San Rafael,-34.62,-68.33,74.5,20,0,12.08,AR,1604084527
35,Hilo,19.73,-155.09,80.01,74,1,3.36,US,1604083856
36,Lewistown,40.6,-77.57,48.99,76,90,4.7,US,1604084530
37,Cidreira,-30.18,-50.21,65.62,62,32,9.28,BR,1604083915
38,Xai-Xai,-25.05,33.64,73.65,84,14,11.32,MZ,1604084532
39,Avilés,43.55,-5.92,61.0,82,0,2.24,ES,1604084533
40,Maïné Soroa,13.21,12.02,85.15,16,0,7.2,NE,1604084534
41,Hermanus,-34.42,19.23,54.0,77,0,11.54,ZA,1604083878
42,Margate,51.38,1.39,57.99,89,100,4.0,GB,1604083955
43,Mar del Plata,-38.0,-57.56,60.8,63,0,9.17,AR,1604084050
44,Vaini,-21.2,-175.2,71.6,68,75,8.05,TO,1604084136
45,Atuona,-9.8,-139.03,77.41,73,100,12.73,PF,1604084100
46,Port Alfred,-33.59,26.89,60.82,59,80,3.2,ZA,1604084145
47,Écija,37.54,-5.08,73.99,72,0,2.24,ES,1604084542
48,Sola,-13.88,167.55,81.27,77,98,11.43,VU,1604083911
49,Torbay,47.67,-52.73,37.0,59,75,14.99,CA,1604084199
50,Cobija,-11.03,-68.77,79.45,64,84,7.31,BO,1604084545
51,Taoudenni,22.68,-3.98,82.42,15,100,10.16,ML,1604084167
52,Manggar,-2.88,108.27,78.78,82,54,3.15,ID,1604084547
53,Castro,-24.79,-50.01,55.53,93,100,10.02,BR,1604084134
54,Port Lincoln,-34.73,135.87,56.1,84,47,10.51,AU,1604084160
55,Bahía Blanca,-38.72,-62.27,76.23,18,0,9.01,AR,1604084265
56,Tuatapere,-46.13,167.68,55.0,97,100,3.0,NZ,1604084206
57,Ponta do Sol,32.67,-17.1,69.8,77,20,16.11,PT,1604084148
58,Coahuayana Viejo,18.73,-103.68,84.2,70,75,5.08,MX,1604084095
59,Albany,42.6,-73.97,36.0,87,95,6.67,US,1604084122
60,Carnarvon,-24.87,113.63,71.6,83,90,6.93,AU,1604084153
61,Bethel,41.37,-73.41,37.4,86,90,9.17,US,1604084135
62,Upernavik,72.79,-56.15,20.88,95,95,3.31,GL,1604083901
63,Maynard,42.43,-71.45,30.99,92,90,10.29,US,1604084448
64,San Patricio,28.02,-97.52,69.01,45,20,11.41,US,1604084149
65,Ahipara,-35.17,173.17,64.13,89,15,9.37,NZ,1604084131
66,Coyhaique,-45.58,-72.07,69.8,37,0,5.82,CL,1604084163
67,Suamico,44.63,-88.04,36.0,47,75,10.29,US,1604084564
68,Fort Walton Beach,30.41,-86.62,66.2,59,1,11.41,US,1604084565
69,Klaksvík,62.23,-6.59,46.4,87,3,26.4,FO,1604084155
70,Jonuta,18.08,-92.13,73.4,94,75,9.17,MX,1604084567
71,Kapaa,22.08,-159.32,73.99,83,40,6.93,US,1604084132
72,Darnah,32.77,22.64,69.46,67,5,15.05,LY,1604084552
73,Cairns,-16.92,145.77,75.2,88,90,1.12,AU,1604083861
74,Pandan,14.05,124.17,81.14,78,100,17.43,PH,1604084572
75,Lutz,28.15,-82.46,78.8,36,1,6.93,US,1604084573
76,Swan Hill,-35.34,143.55,52.56,89,0,10.13,AU,1604084574
77,São Filipe,14.9,-24.5,83.05,55,69,17.2,CV,1604084165
78,Ostrovnoy,68.05,39.51,34.66,88,92,19.62,RU,1604083960
79,Yangambi,0.81,24.43,70.92,97,98,2.68,CD,1604084578
80,Mogadishu,2.04,45.34,79.97,80,0,12.86,SO,1604084579
81,Lebu,-37.62,-73.65,59.04,67,0,12.57,CL,1604084145
82,Severo-Kuril'sk,50.68,156.12,42.51,89,100,29.17,RU,1604084139
83,Mountain Home,43.13,-115.69,59.0,26,1,14.99,US,1604084582
84,Andenes,69.31,16.12,35.6,64,0,16.11,NO,1604084207
85,Atasū,48.68,71.64,33.17,85,0,3.56,KZ,1604084585
86,Yashkino,55.87,85.43,32.0,98,75,8.95,RU,1604084586
87,Ribeira Grande,38.52,-28.7,69.8,94,75,17.22,PT,1604083875
88,San Quintín,30.48,-115.95,74.88,35,100,7.45,MX,1604084192
89,Lüderitz,-26.65,15.16,62.15,51,100,29.68,NA,1604084132
90,Sulangan,11.14,123.72,83.57,79,100,21.74,PH,1604084590
91,Colares,38.8,-9.45,66.99,72,0,4.7,PT,1604084592
92,Tasiilaq,65.61,-37.64,32.0,97,75,3.36,GL,1604083874
93,Aswān,24.09,32.91,83.8,15,0,7.16,EG,1604084594
94,Mersing,2.43,103.84,75.2,94,100,4.7,MY,1604084595
95,Oussouye,12.48,-16.55,89.6,84,0,2.24,SN,1604084185
96,Naze,28.37,129.48,73.4,60,40,19.46,JP,1604084597
97,Qaanaaq,77.48,-69.36,14.9,83,99,5.95,GL,1604084140
98,Vitim,59.45,112.56,20.23,96,100,1.68,RU,1604084599
99,Dikson,73.51,80.55,12.69,95,100,28.77,RU,1604083902
100,Fortuna,40.6,-124.16,55.4,66,1,6.93,US,1604084193
101,Hobyo,5.35,48.53,81.21,78,46,12.95,SO,1604084172
102,Xiangxiang,27.73,112.53,57.56,91,85,2.95,CN,1604084604
103,Cherskiy,68.75,161.3,4.77,91,100,5.21,RU,1604083915
104,Tevaitoa,-16.78,-151.5,79.88,76,0,12.73,PF,1604084606
105,Quatre Cocos,-20.21,57.76,69.8,52,40,13.87,MU,1604084607
106,Turaif,31.67,38.66,69.8,21,0,9.17,SA,1604084608
107,Egvekinot,66.32,-179.17,12.74,84,51,8.19,RU,1604084008
108,Arraial do Cabo,-22.97,-42.03,77.0,88,75,9.17,BR,1604084132
109,Pangnirtung,66.15,-65.71,12.2,66,20,3.36,CA,1604084163
110,Santa Maria,-29.68,-53.81,73.4,35,0,14.99,BR,1604084452
111,Khatanga,71.97,102.5,-8.75,84,0,6.73,RU,1604084157
112,Zatoka,46.07,30.47,55.4,71,0,8.95,UA,1604084615
113,San Jerónimo,-11.95,-75.28,63.91,43,100,8.46,PE,1604084616
114,Cape Town,-33.93,18.42,60.01,62,0,23.04,ZA,1604084047
115,Punta Arenas,-53.15,-70.92,55.4,62,75,33.33,CL,1604084131
116,Cockburn Town,21.46,-71.14,86.0,70,75,13.87,TC,1604084182
117,Chokurdakh,70.63,147.92,6.91,95,100,6.42,RU,1604084159
118,Fairbanks,64.84,-147.72,10.4,92,90,1.79,US,1604084137
119,Davidson,36.15,-86.78,54.0,54,75,9.17,US,1604084350
120,Longyearbyen,78.22,15.64,17.6,72,0,4.7,SJ,1604084150
121,Puerto Ayora,-0.74,-90.35,82.4,61,20,8.05,EC,1604084141
122,Tawao,4.25,117.89,75.2,94,20,1.12,MY,1604084626
123,Şırnak,37.52,42.46,53.49,39,100,2.57,TR,1604084627
124,East London,-33.02,27.91,57.2,93,75,5.82,ZA,1604084144
125,Finnsnes,69.23,17.98,21.99,92,0,14.99,NO,1604084629
126,Grand Gaube,-20.01,57.66,68.0,57,0,3.0,MU,1604084631
127,Dumraon,25.55,84.15,70.84,52,1,6.4,IN,1604084632
128,Avarua,-21.21,-159.78,75.2,73,100,6.93,CK,1604084135
129,Santa Cruz,30.42,-9.6,84.2,20,0,5.82,MA,1604084634
130,Lethem,3.38,-59.8,90.05,57,80,5.01,GY,1604084635
131,Nanortalik,60.14,-45.24,28.27,92,98,5.93,GL,1604084167
132,Krasne,49.91,24.61,41.0,100,100,2.24,UA,1604084637
133,Khandyga,62.67,135.6,-4.99,89,49,2.89,RU,1604084135
134,Bida,9.08,6.02,83.05,45,45,4.36,NG,1604084496
135,Adrar,20.5,-10.07,88.32,13,100,6.51,MR,1604084142
136,Adwa,14.16,38.9,61.45,40,2,3.2,ET,1604084642
137,Malé,4.17,73.51,82.4,83,75,9.17,MV,1604084436
138,Thompson,55.74,-97.86,19.4,62,75,2.24,CA,1604084148
139,Gorontalo,0.54,123.06,75.47,85,97,2.17,ID,1604084645
140,Barra de Tecoanapa,16.52,-98.75,86.68,59,0,6.96,MX,1604084646
141,Souillac,-20.52,57.52,69.8,52,40,13.87,MU,1604084012
142,Chakwal,32.93,72.86,59.0,51,0,8.05,PK,1604084427
143,Kavaratti,10.57,72.64,82.22,75,68,9.08,IN,1604084191
144,Kutum,14.2,24.67,79.11,24,75,16.62,SD,1604084650
145,Dryden,49.78,-92.75,26.6,86,90,11.41,CA,1604084472
146,Salgado,-11.03,-37.48,84.2,66,40,14.99,BR,1604084355
147,Saint-Philippe,-21.36,55.77,66.99,72,75,8.05,RE,1604084149
148,Porto Belo,-27.16,-48.55,73.4,49,75,14.99,BR,1604084655
149,Manaure,11.78,-72.44,86.0,79,75,11.41,CO,1604084656
150,São João da Barra,-21.64,-41.05,80.6,83,75,18.34,BR,1604084657
151,George Town,5.41,100.34,80.6,88,20,3.85,MY,1604083909
152,Piaçabuçu,-10.41,-36.43,79.99,76,100,13.87,BR,1604084659
153,Coquimbo,-29.95,-71.34,57.2,76,75,6.93,CL,1604084178
154,Airai,-8.93,125.41,60.04,94,0,1.61,TL,1604084137
155,San Policarpo,12.18,125.51,81.57,81,100,14.79,PH,1604084663
156,Zlobin,45.29,14.65,59.0,82,0,1.03,HR,1604084664
157,Abu Samrah,35.3,37.18,68.81,50,99,6.26,SY,1604084137
158,Norman Wells,65.28,-126.83,12.2,92,75,2.24,CA,1604084163
159,Ulaangom,49.98,92.07,24.69,92,38,2.35,MN,1604084667
160,Mayo,38.89,-76.51,52.0,76,90,11.41,US,1604084668
161,Grindavik,63.84,-22.43,41.0,80,75,17.22,IS,1604084145
162,Antofagasta,-23.65,-70.4,69.01,63,20,13.87,CL,1604084670
163,Narasannapeta,18.42,84.05,74.8,64,98,5.64,IN,1604084672
164,Bengkulu,-3.8,102.27,75.61,89,97,4.5,ID,1604084144
165,Skovorodino,53.98,123.92,17.73,95,100,3.47,RU,1604084674
166,Rome,43.21,-75.46,41.0,56,75,8.05,US,1604084675
167,Kavieng,-2.57,150.8,81.59,77,93,8.39,PG,1604084174
168,Altay,47.87,88.12,22.51,87,24,3.36,CN,1604083924
169,Alice Town,25.72,-79.3,82.29,73,0,5.95,BS,1604084678
170,Osakarovka,50.56,72.57,30.24,95,2,2.91,KZ,1604084680
171,Pangody,65.85,74.49,24.08,98,100,9.66,RU,1604084681
172,Bahraich,27.58,81.6,72.07,47,0,5.61,IN,1604084682
173,Grand-Lahou,5.14,-5.02,78.73,85,54,6.13,CI,1604084683
174,Hołoby,51.09,25.01,46.99,98,70,11.01,UA,1604084684
175,Kahului,20.89,-156.47,78.8,74,40,9.17,US,1604083930
176,Faya,18.39,42.45,62.6,77,0,0.45,SA,1604084151
177,Ulaanbaatar,47.91,106.88,23.0,85,75,8.95,MN,1604084462
178,Sawtell,-30.38,153.1,69.8,83,90,8.05,AU,1604084172
179,Isla Mujeres,21.23,-86.73,86.0,74,75,19.46,MX,1604084690
180,Myitkyina,25.38,97.4,73.02,85,88,2.42,MM,1604084691
181,Saint Paul Harbor,57.79,-152.41,33.8,74,90,5.82,US,1604084135
182,Vestmannaeyjar,63.44,-20.27,42.8,93,90,24.16,IS,1604084511
183,Wahiawā,21.5,-158.02,82.0,83,20,3.36,US,1604084694
184,Parrita,9.52,-84.32,78.8,65,75,5.82,CR,1604084695
185,Indramayu,-6.33,108.32,81.77,75,100,2.77,ID,1604084696
186,Kano,12.0,8.52,82.65,24,0,3.69,NG,1604084697
187,Palana,59.12,159.97,30.09,98,100,6.58,RU,1604084698
188,Beloha,-25.17,45.05,71.08,54,0,13.78,MG,1604084172
189,Los Llanos de Aridane,28.66,-17.92,73.4,78,40,12.75,ES,1604084139
190,Morada Nova,-5.11,-38.37,96.37,29,100,11.81,BR,1604084702
191,Ugoofaaru,5.67,73.0,82.56,74,33,8.1,MV,1604084703
192,Bosaso,11.28,49.18,81.36,72,66,2.84,SO,1604084704
193,Davila,18.47,120.58,78.8,74,20,5.82,PH,1604084705
194,Butaritari,3.07,172.79,81.34,80,74,18.5,KI,1604084131
195,Tigil',57.8,158.67,31.26,98,100,3.27,RU,1604084708
196,Ust-Kuyga,70.02,135.6,2.53,92,100,1.34,RU,1604084709
197,Kaitangata,-46.28,169.85,57.0,96,100,1.99,NZ,1604084132
198,Turinsk,58.05,63.7,30.67,97,100,7.94,RU,1604084711
199,Prainha,-1.8,-53.48,93.58,42,88,5.64,BR,1604084712
200,Ürümqi,43.8,87.6,37.4,69,0,2.24,CN,1604084158
201,Zaoyang,32.13,112.75,58.91,92,100,3.29,CN,1604084714
202,Oakdale,44.96,-92.96,45.0,45,1,6.93,US,1604084715
203,San Angelo,31.46,-100.44,66.99,36,1,3.36,US,1604084640
204,Kismayo,-0.36,42.55,80.15,78,42,11.03,SO,1604084207
205,Black River,18.03,-77.85,87.01,74,20,14.99,JM,1604084719
206,Inhambane,-23.86,35.38,77.0,78,40,4.7,MZ,1604084155
207,Zavyalovo,54.51,82.45,35.6,93,90,13.42,RU,1604084721
208,Ilo,-17.64,-71.34,69.8,68,0,11.41,PE,1604084722
209,Lagoa,39.05,-27.98,68.92,89,100,27.18,PT,1604084189
210,Tyup,42.73,78.36,31.39,80,0,2.21,KG,1604084724
211,Gouyave,12.16,-61.73,87.8,74,20,23.04,GD,1604084725
212,Plettenberg Bay,-34.05,23.37,54.9,63,0,2.73,ZA,1604084727
213,Khāsh,28.22,61.22,42.42,39,0,2.62,IR,1604084728
214,Bathsheba,13.22,-59.52,77.0,94,90,24.16,BB,1604084159
215,Fare,-16.7,-151.02,79.47,80,0,11.12,PF,1604084730
216,Port Hedland,-20.32,118.57,73.4,60,12,6.93,AU,1604084503
217,Anadyr,64.75,177.48,3.2,84,20,6.71,RU,1604084732
218,College,64.86,-147.8,12.0,85,90,1.66,US,1604084082
219,Laguna,38.42,-121.42,71.01,30,5,3.36,US,1604084734
220,Saldanha,-33.01,17.94,59.0,62,0,17.22,ZA,1604083871
221,Yellowknife,62.46,-114.35,19.4,85,75,11.41,CA,1604084141
222,Lázaro Cárdenas,17.96,-102.2,87.93,58,3,4.61,MX,1604084735
223,Karasjok,69.47,25.51,33.8,64,75,17.22,NO,1604084739
224,Bambous Virieux,-20.34,57.76,69.8,52,40,13.87,MU,1604084106
225,Nouakchott,18.09,-15.98,80.6,61,44,20.8,MR,1604084726
226,Tiquisio,8.56,-74.27,83.88,84,50,3.04,CO,1604084742
227,Panacan,9.25,118.41,80.6,88,75,6.93,PH,1604084743
228,Acapulco de Juárez,16.86,-99.89,86.0,79,40,4.7,MX,1604084042
229,Ponta Delgada,37.73,-25.67,69.8,88,75,17.22,PT,1604084176
230,Puerto Escondido,15.85,-97.07,82.4,69,75,8.05,MX,1604084712
231,Saint-François,46.42,3.91,50.0,93,0,2.1,FR,1604084687
232,Brawley,32.98,-115.53,80.01,15,1,1.68,US,1604084749
233,Darhan,49.49,105.92,28.89,95,3,3.53,MN,1604084750
234,Luganville,-15.53,167.17,75.2,100,90,9.15,VU,1604084751
235,Udachny,66.42,112.4,-0.4,91,0,2.53,RU,1604084752
236,Esperance,-33.87,121.9,57.2,67,0,17.22,AU,1604084172
237,Manakara,-22.13,48.02,69.03,79,99,7.63,MG,1604084755
238,Olafsvik,64.89,-23.71,42.01,73,4,11.65,IS,1604084756
239,Padang,-0.95,100.35,78.12,78,100,3.49,ID,1604084207
240,Itarema,-2.92,-39.92,83.71,62,42,17.72,BR,1604084758
241,Urucará,-2.54,-57.76,99.3,38,43,0.72,BR,1604084759
242,Alofi,-19.06,-169.92,73.4,94,22,13.87,NU,1604084166
243,Geraldton,-28.77,114.6,62.6,88,0,2.24,AU,1604084761
244,Ust-Maya,60.42,134.53,0.0,92,99,2.64,RU,1604084762
245,Pacific Grove,36.62,-121.92,62.6,81,1,6.93,US,1604084067
246,Paamiut,61.99,-49.67,26.49,84,100,10.31,GL,1604084166
247,Atar,20.52,-13.05,89.62,14,0,8.79,MR,1604084195
248,Marzuq,14.4,46.47,68.88,66,0,2.75,YE,1604084767
249,Cabo San Lucas,22.89,-109.91,84.2,57,40,3.36,MX,1604084721
250,Kathmandu,27.72,85.32,60.8,82,20,2.24,NP,1604084769
251,Otradnoye,59.78,30.82,48.0,93,90,2.89,RU,1604084770
252,Sosnytsya,51.52,32.5,47.93,87,96,1.79,UA,1604084772
253,São Borja,-28.66,-56.0,71.87,44,4,14.85,BR,1604084773
254,Pisco,-13.7,-76.22,69.01,72,75,9.17,PE,1604084774
255,Leh,34.17,77.58,28.96,66,27,3.89,IN,1604084590
256,Goderich,43.75,-81.72,35.6,74,93,12.75,CA,1604084705
257,Gizo Government Station,-8.1,156.84,80.91,74,97,7.67,SB,1604084777
258,Betsiamites,48.94,-68.65,37.4,40,1,6.93,CA,1604084778
259,Valdosta,30.83,-83.28,66.2,55,1,6.93,US,1604084538
260,Astoria,46.19,-123.83,57.99,71,75,9.17,US,1604084664
261,Lavrentiya,65.58,-171.0,21.94,85,100,7.38,RU,1604084196
262,Yaan,7.38,8.57,81.1,60,55,2.24,NG,1604084783
263,Tilichiki,60.47,166.1,27.86,99,95,2.21,RU,1604084784
264,Auki,-8.77,160.7,77.2,84,100,2.24,SB,1604084208
265,Katsuura,35.13,140.3,55.4,54,0,18.34,JP,1604084201
266,Mudgee,-32.59,149.59,52.0,100,75,4.7,AU,1604084787
267,Cascais,38.7,-9.42,66.99,72,0,4.7,PT,1604084788
268,Lorengau,-2.02,147.27,80.64,75,100,3.33,PG,1604084789
269,Ilulissat,69.22,-51.1,19.4,67,75,2.24,GL,1604084790
270,Choya,52.01,86.55,31.5,98,100,2.95,RU,1604084792
271,Kuruman,-27.45,23.43,75.34,34,92,9.04,ZA,1604084793
272,Vardø,70.37,31.11,32.0,81,75,17.22,NO,1604084699
273,Gazojak,41.19,61.4,47.07,48,0,9.82,TM,1604084795
274,Xiongzhou,25.12,114.3,61.5,82,0,1.36,CN,1604084796
275,Mbandaka,0.05,18.26,73.98,88,96,1.83,CD,1604084797
276,Prince Rupert,54.32,-130.32,50.0,70,20,3.36,CA,1604084583
277,Sitka,57.05,-135.33,39.2,93,90,6.93,US,1604084642
278,Alice Springs,-23.7,133.88,51.8,32,6,4.7,AU,1604084800
279,La Ronge,55.1,-105.28,24.8,68,90,14.99,CA,1604084802
280,Severnyy,50.68,36.55,46.4,87,90,4.47,RU,1604084208
281,Novopokrovka,49.84,36.55,50.0,76,90,4.47,UA,1604084804
282,Sumbe,-11.21,13.84,76.64,85,21,11.61,AO,1604084805
283,Mahébourg,-20.41,57.7,69.8,52,40,13.87,MU,1604084806
284,Emirdağ,39.02,31.15,54.57,72,0,5.99,TR,1604084807
285,Dakar,14.69,-17.44,84.2,66,0,16.11,SN,1604084781
286,Mount Isa,-20.73,139.5,68.0,27,0,14.99,AU,1604084810
287,Korāput,18.82,82.72,63.19,65,84,2.21,IN,1604084811
288,Laas,46.62,10.7,48.0,51,5,3.36,IT,1604084812
289,Orlik,52.52,99.83,13.32,90,100,4.27,RU,1604084813
290,Raudeberg,61.99,5.14,50.0,93,75,17.22,NO,1604084814
291,Babol,36.55,52.68,60.8,82,0,4.7,IR,1604084815
292,Portland,45.52,-122.68,54.0,87,75,2.13,US,1604084374
293,Berlevåg,70.86,29.09,32.0,87,75,23.04,NO,1604084818
294,Kokorevka,52.59,34.28,43.59,82,100,2.06,RU,1604084819
295,Nemuro,43.32,145.57,48.56,73,52,21.3,JP,1604084820
296,Soyo,-6.13,12.37,77.65,84,11,8.66,AO,1604084821
297,Abhā,18.22,42.51,62.6,77,0,2.39,SA,1604084703
298,Dawei,14.08,98.2,75.04,90,73,4.16,MM,1604084823
299,Haines Junction,60.75,-137.51,21.2,79,100,11.41,CA,1604084824
300,Caravelas,-17.71,-39.25,80.89,66,100,11.23,BR,1604084698
301,Isangel,-19.55,169.27,75.63,80,49,12.88,VU,1604084827
302,Kastamonu Province,41.5,33.67,51.37,87,100,1.34,TR,1604084828
303,Lompoc,34.64,-120.46,60.8,82,1,4.7,US,1604084829
304,Qasigiannguit,68.82,-51.19,19.4,67,75,2.24,GL,1604084830
305,Nālūt,30.33,10.85,61.59,41,0,10.83,LY,1604084831
306,Socorro,31.65,-106.3,66.0,26,20,6.93,US,1604084660
307,Marau,-28.45,-52.2,71.42,45,22,11.23,BR,1604084834
308,Novy Urengoy,66.08,76.63,22.55,98,94,10.92,RU,1604084835
309,Verkhnetulomskiy,68.61,31.8,28.4,86,40,4.47,RU,1604084836
310,Yeppoon,-23.13,150.73,71.6,88,75,4.7,AU,1604084837
311,Namatanai,-3.67,152.43,79.56,76,37,2.75,PG,1604084838
312,Verāval,20.9,70.37,80.47,63,65,6.31,IN,1604084839
313,Venezuela,8.0,-66.0,92.79,50,94,10.36,VE,1604084840
314,Hurricane,37.18,-113.29,71.01,22,1,4.16,US,1604084585
315,Jiaocheng,24.68,116.14,63.97,83,0,2.21,CN,1604084843
316,Trincomalee,8.57,81.23,80.56,82,100,8.19,LK,1604084844
317,Dwārka,22.24,68.97,82.58,44,0,7.05,IN,1604084845
318,Shelburne,44.08,-80.2,34.0,83,99,8.84,CA,1604084846
319,Faanui,-16.48,-151.75,79.07,78,0,12.37,PF,1604084847
320,Sarana,56.48,57.73,35.71,83,100,6.06,RU,1604084848
321,Rock Springs,41.59,-109.2,48.2,42,1,8.05,US,1604084850
322,Oranjemund,-28.55,16.43,58.62,70,98,25.79,NA,1604084663
323,Dingle,11.0,122.67,76.59,91,100,7.85,PH,1604084819
324,Kiruna,67.86,20.23,12.2,92,0,10.29,SE,1604084853
325,Kamenka,51.32,42.77,46.35,83,100,10.22,RU,1604084854
326,Yulara,-25.24,130.99,59.0,30,0,8.05,AU,1604084812
327,Kualakapuas,-3.01,114.39,76.84,91,100,1.32,ID,1604084856
328,Camopi,3.17,-52.32,96.8,31,62,7.45,GF,1604084858
329,Ordzhonīkīdze,52.44,61.74,36.9,77,72,6.98,KZ,1604084859
330,Shenjiamen,29.96,122.3,63.48,64,92,10.71,CN,1604084860
331,Port Blair,11.67,92.75,80.42,84,100,11.39,IN,1604084861
332,Mossamedes,-15.2,12.15,72.45,76,10,4.85,AO,1604084719
333,Burns Lake,54.23,-125.75,35.44,86,2,4.12,CA,1604084863
334,Teya,60.38,92.63,5.77,92,0,1.9,RU,1604084864
335,Miles City,46.41,-105.84,53.6,54,1,14.99,US,1604084866
336,Sambava,-14.27,50.17,72.1,80,26,14.85,MG,1604084846
337,Kaberamaido,1.74,33.16,67.5,86,100,2.8,UG,1604084868
338,Inongo,-1.95,18.27,73.92,87,17,1.57,CD,1604084869
339,Krasnyy Chikoy,50.36,108.75,25.63,95,58,5.53,RU,1604084870
340,Yong’an,39.7,113.69,45.14,72,100,7.74,CN,1604084871
341,Iskateley,67.68,53.15,32.94,95,100,9.48,RU,1604084872
342,Nadvoitsy,63.87,34.32,32.67,94,0,6.06,RU,1604084873
343,Newport,51.59,-3.0,57.99,97,100,9.98,GB,1604084628
344,Benguela,-12.58,13.41,78.91,75,100,7.56,AO,1604084876
345,Maragogi,-9.01,-35.22,80.01,77,100,10.45,BR,1604084877
346,Seoul,37.57,126.98,42.8,87,1,3.44,KR,1604084606
347,Mamurras,41.58,19.69,53.6,81,0,4.7,AL,1604084879
348,Rio Grande,-32.03,-52.1,66.99,64,0,5.99,BR,1604084766
349,Xining,36.62,101.77,34.29,84,99,1.61,CN,1604084881
350,Vallenar,-28.57,-70.76,82.98,21,0,8.61,CL,1604084665
351,Wum,6.38,10.07,66.34,92,100,1.92,CM,1604084884
352,Prabumulih,-3.45,104.25,74.86,90,7,1.01,ID,1604084885
353,Kununurra,-15.77,128.73,80.6,83,98,5.82,AU,1604084886
354,Gyál,47.38,19.22,52.0,100,90,5.82,HU,1604084887
355,Labuhan,-6.88,112.21,78.82,82,100,9.17,ID,1604084856
356,Stavern,59.0,10.03,50.0,100,90,4.7,NO,1604084890
357,Vao,-22.67,167.48,73.24,87,0,13.53,NC,1604084891
358,Saint Anthony,45.02,-93.22,45.0,45,40,9.17,US,1604084892
359,Saint-Augustin,51.23,-58.65,32.99,74,0,14.41,CA,1604084893
360,Hirado,33.36,129.55,59.0,25,31,10.0,JP,1604084894
361,Hastings,50.86,0.57,57.99,93,100,4.0,GB,1604084896
362,Port Hardy,50.7,-127.42,48.2,76,40,8.05,CA,1604084897
363,Leningradskiy,69.38,178.42,17.96,93,45,20.83,RU,1604084853
364,Illapel,-31.63,-71.17,79.45,23,0,9.71,CL,1604084771
365,Westport,41.14,-73.36,39.99,80,90,12.75,US,1604084601
366,Vanimo,-2.67,141.3,77.77,78,100,5.19,PG,1604084901
367,Lata,40.16,-8.33,66.0,82,0,0.54,PT,1604084711
368,Durango,24.83,-104.83,67.62,27,15,7.27,MX,1604084720
369,Arrecife,28.96,-13.55,80.6,22,0,11.41,ES,1604084905
370,Bay Roberts,47.6,-53.26,35.01,63,8,7.0,CA,1604084906
371,Pringsewu,-5.36,104.97,74.5,89,97,1.39,ID,1604084709
372,Calvià,39.57,2.51,64.4,88,0,2.24,ES,1604084908
373,Fereydūnkenār,36.69,52.52,60.8,82,0,4.7,IR,1604084909
374,Sorong,-0.88,131.25,79.61,84,34,11.54,ID,1604084910
375,Zhigansk,66.77,123.37,-15.36,89,39,1.39,RU,1604084880
376,Bima,-8.47,118.72,78.3,83,38,2.93,ID,1604084912
377,Bandarbeyla,9.49,50.81,78.87,82,0,14.23,SO,1604084914
378,Esim,4.87,-2.24,78.91,84,100,4.21,GH,1604084915
379,Neturhāt,23.48,84.27,57.33,76,0,2.48,IN,1604084916
380,Corpus Christi,27.8,-97.4,68.0,45,20,11.41,US,1604084804
381,Umluj,25.02,37.27,78.1,64,0,3.02,SA,1604084627
382,Bridlington,54.08,-0.19,53.6,87,100,6.93,GB,1604084919
383,Thinadhoo,0.53,72.93,82.89,75,1,10.49,MV,1604084920
384,Nome,64.5,-165.41,21.99,85,90,3.36,US,1604084642
385,Bubaque,11.28,-15.83,85.17,66,100,8.37,GW,1604084922
386,Kruisfontein,-34.0,24.73,52.0,85,0,1.01,ZA,1604084924
387,Meulaboh,4.14,96.13,76.78,86,100,4.05,ID,1604084720
388,Oistins,13.07,-59.53,77.0,94,90,24.16,BB,1604084926
389,Rundu,-17.93,19.77,76.64,44,40,2.06,NA,1604084927
390,Mahrīz,31.59,54.43,59.0,19,0,4.7,IR,1604084928
391,Gōtsuchō,35.0,132.22,50.58,72,1,6.62,JP,1604084929
392,Santa Cruz del Sur,20.71,-78.0,86.0,66,5,5.84,CU,1604084930
393,Safford,32.83,-109.71,66.2,32,1,9.17,US,1604084931
394,Juneau,58.3,-134.42,37.4,93,75,8.05,US,1604084932
395,Nizhnyaya Poyma,56.16,97.19,29.55,98,100,5.82,RU,1604084934
396,Tautira,-17.73,-149.15,84.2,70,40,5.82,PF,1604084935
397,Amapá,1.0,-52.0,97.66,28,42,7.94,BR,1604084936
398,Port Elizabeth,-33.92,25.57,55.4,71,0,3.36,ZA,1604084937
399,Gouré,13.98,10.27,86.0,21,0,7.0,NE,1604084938
400,Thap Than,15.46,99.89,75.07,94,100,1.48,TH,1604084939
401,Puerto Peñasco,31.32,-113.53,75.0,47,77,4.0,MX,1604084679
402,Valle de Allende,26.93,-105.4,69.21,25,64,10.31,MX,1604084942
403,Broken Hill,-31.95,141.43,51.8,87,56,20.8,AU,1604084668
404,Waiuku,-37.25,174.75,66.0,82,100,11.41,NZ,1604084944
405,Wattegama,6.8,81.48,75.2,100,90,3.36,LK,1604084945
406,Guerrero Negro,27.98,-114.06,80.38,26,4,3.87,MX,1604084919
407,Tshikapa,-6.42,20.8,71.62,90,0,0.94,CD,1604084947
408,New Norfolk,-42.78,147.06,44.01,73,0,2.53,AU,1604084901
409,Road Town,18.42,-64.62,86.0,70,40,17.22,VG,1604084833
410,Liepāja,56.54,21.04,41.0,100,33,2.24,LV,1604084950
411,Lipari,38.47,14.95,66.0,85,47,5.06,IT,1604084952
412,Gbadolite,4.28,21.02,71.26,96,31,0.69,CD,1604084953
413,Mariehamn,60.1,19.93,32.0,85,0,1.12,AX,1604084954
414,Hambantota,6.12,81.12,75.2,100,90,3.36,LK,1604084955
415,Anshun,26.25,105.93,59.27,94,100,8.12,CN,1604084956
416,Porto-Novo,6.5,2.6,82.4,83,20,9.17,BJ,1604084957
417,Sisimiut,66.94,-53.67,21.76,91,98,6.13,GL,1604084958
418,Sokolov,50.18,12.64,51.01,100,90,12.75,CZ,1604084959
419,Cayenne,4.93,-52.33,89.6,62,40,12.75,GF,1604084687
420,Jinxiang,27.43,120.61,60.04,77,1,10.58,CN,1604084962
421,Yamada,39.47,141.95,45.14,75,0,5.75,JP,1604084963
422,Touros,-5.2,-35.46,86.0,58,20,13.87,BR,1604084964
423,Khani,41.96,42.96,55.4,93,0,2.24,GE,1604084965
424,Nagua,19.38,-69.85,84.2,83,75,10.69,DO,1604084966
425,Ayagoz,47.97,80.44,32.2,93,68,3.76,KZ,1604084967
426,Mahon,39.89,4.27,60.8,82,0,3.36,ES,1604084968
427,Strängnäs,59.38,17.03,39.99,100,0,3.36,SE,1604084969
428,Coachella,33.68,-116.17,87.01,13,1,1.77,US,1604084971
429,Zhezkazgan,47.8,67.71,38.98,66,0,7.74,KZ,1604084972
430,Ardakān,32.31,54.02,59.0,19,0,4.7,IR,1604084973
431,Ushtobe,45.25,77.98,38.8,69,0,8.23,KZ,1604084974
432,Alekseyevsk,57.84,108.35,17.33,95,67,2.8,RU,1604084975
433,Hay River,60.82,-115.8,19.4,85,100,5.82,CA,1604084976
434,Ambilobe,-13.2,49.05,73.62,66,36,6.24,MG,1604084977
435,Aden,12.78,45.04,82.58,79,0,15.82,YE,1604084785
436,Makakilo City,21.35,-158.09,82.0,57,1,12.75,US,1604084980
437,Talnakh,69.49,88.4,12.2,78,100,24.61,RU,1604084981
438,Viedma,-40.81,-63.0,81.0,18,0,11.01,AR,1604084922
439,Northwich,53.26,-2.51,52.0,93,90,2.24,GB,1604084983
440,Hasaki,35.73,140.83,42.8,87,0,4.7,JP,1604084984
441,Lewisporte,49.25,-55.05,33.8,93,75,18.34,CA,1604084985
442,Yar-Sale,66.83,70.83,30.47,98,100,10.47,RU,1604084986
443,Złocieniec,53.53,16.01,45.0,95,100,4.56,PL,1604084988
444,Boshnyakovo,49.63,142.17,34.77,86,87,1.68,RU,1604084989
445,Panabá,21.28,-88.27,79.52,88,99,15.86,MX,1604084990
446,Kodinsk,58.69,99.18,11.75,94,49,3.15,RU,1604084991
447,Mananjary,-21.22,48.33,67.86,81,25,6.11,MG,1604084992
448,Singaraja,-8.11,115.09,80.78,74,62,2.26,ID,1604084993
449,Mount Gambier,-37.83,140.77,51.8,87,90,8.05,AU,1604084994
450,Nuquí,5.71,-77.27,87.8,62,40,9.55,CO,1604084995
451,Ancud,-41.87,-73.82,63.0,59,0,6.93,CL,1604084835
452,Yermakovskoye,53.28,92.4,32.11,97,100,16.33,RU,1604084998
453,Chiredzi,-21.05,31.67,81.82,34,0,10.71,ZW,1604084999
454,Macusani,-14.08,-70.43,46.62,63,100,6.17,PE,1604085000
455,Arenápolis,-14.45,-56.85,80.49,71,79,8.59,BR,1604085001
456,May Pen,17.96,-77.25,87.8,70,40,8.05,JM,1604085003
457,Pokhara,28.23,83.98,67.59,25,0,6.89,NP,1604085004
458,Ternate,0.8,127.4,82.02,76,9,5.5,ID,1604085005
459,Aransas Pass,27.91,-97.15,68.0,40,1,12.75,US,1604085006
460,Husavik,66.04,-17.34,37.4,93,90,4.7,IS,1604084862
461,Valparaíso,-33.04,-71.63,59.0,76,20,9.17,CL,1604084965
462,Edd,13.93,41.69,85.82,52,0,14.12,ER,1604085009
463,Rocha,-34.48,-54.33,57.72,62,100,9.31,UY,1604084831
464,Rajanpur,29.1,70.33,68.36,24,0,5.48,PK,1604085012
465,Salisbury,51.07,-1.8,57.99,100,100,10.29,GB,1604084800
466,Toro,4.61,-76.08,78.8,65,40,5.82,CO,1604085014
467,Katherine,-14.47,132.27,77.0,61,0,5.82,AU,1604085015
468,Derzhavīnsk,51.1,66.32,34.59,82,16,1.97,KZ,1604085016
469,Puerto Rondón,6.28,-71.1,89.89,63,8,6.78,CO,1604085017
470,Matamoros,25.53,-103.25,69.8,22,5,6.38,MX,1604085019
471,Prestea,5.43,-2.14,75.94,92,69,3.44,GH,1604085020
472,Muli,2.92,73.57,82.02,78,91,10.22,MV,1604085021
473,Panshi,42.94,126.06,35.46,77,100,4.68,CN,1604085022
474,Whitehorse,60.72,-135.05,24.8,85,75,8.05,CA,1604085023
475,Nerchinskiy Zavod,51.31,119.61,29.12,93,100,8.99,RU,1604085024
476,Byron Bay,-28.65,153.62,71.6,83,100,8.05,AU,1604084978
477,Vila Velha,-20.33,-40.29,80.6,78,40,19.46,BR,1604085009
478,Iberia,29.95,-91.75,62.6,55,1,11.41,US,1604085027
479,Pochutla,15.74,-96.47,86.0,70,40,4.59,MX,1604085029
480,Kuril'sk,45.23,147.88,46.11,75,100,28.21,RU,1604085030
481,Merrill,45.18,-89.68,39.2,41,1,4.7,US,1604085031
482,Valença,-13.37,-39.07,81.23,68,100,6.96,BR,1604085032
483,Chittarkonda,18.12,82.08,66.92,79,33,1.5,IN,1604085033
484,Nishihara,26.18,127.76,73.4,64,5,5.82,JP,1604085034
485,Dubbo,-32.25,148.62,50.0,93,3,5.82,AU,1604085035
486,Cedar Hills,40.41,-111.76,61.0,36,0,1.99,US,1604085036
487,Nokaneng,-19.67,22.27,82.72,21,52,7.0,BW,1604085038
488,Yerköy,39.64,34.47,61.65,43,27,4.03,TR,1604085039
489,Agadez,19.75,10.25,74.97,19,0,8.7,NE,1604085040
490,Xushan,30.18,121.25,57.99,87,0,2.24,CN,1604085041
491,Birjand,32.87,59.22,39.2,7,0,4.7,IR,1604085042
492,Palu,-0.89,119.87,75.13,75,71,3.2,ID,1604085043
493,Honningsvåg,70.98,25.97,35.6,59,75,9.17,NO,1604084831
494,Gubkinskiy,64.43,76.5,23.81,98,100,9.71,RU,1604085046
495,Tiksi,71.69,128.87,9.84,95,100,5.64,RU,1604085047
496,Berbera,10.44,45.01,83.8,70,0,8.81,SO,1604085048
497,Novichikha,52.2,81.39,33.01,98,100,6.73,RU,1604085049
498,Trairi,-3.28,-39.27,83.62,62,7,14.23,BR,1604085050
499,Nocupétaro,19.05,-101.15,86.85,48,0,3.8,MX,1604085051
500,Beira,-19.84,34.84,78.8,83,20,11.41,MZ,1604085053
501,Evensk,61.95,159.23,23.07,94,88,3.22,RU,1604085054
502,Yeniseysk,58.45,92.17,16.41,96,49,3.22,RU,1604085055
503,Kyra,49.58,111.98,31.73,97,100,6.22,RU,1604085056
504,Harlingen,26.19,-97.7,73.99,43,1,10.29,US,1604084946
505,Salalah,17.02,54.09,78.8,61,0,4.7,OM,1604085058
506,Vanavara,60.34,102.28,7.79,96,90,2.04,RU,1604084818
507,Waingapu,-9.66,120.26,80.47,75,95,2.75,ID,1604084819
508,Keminmaa,65.86,24.82,21.2,92,0,2.24,FI,1604085062
509,Rovenki,48.08,39.38,51.94,90,100,2.75,UA,1604085063
510,Yelovo,57.05,54.92,34.27,89,100,8.28,RU,1604085064
511,Praia da Vitória,38.73,-27.07,69.8,88,40,16.75,PT,1604085065
512,Mauá,-23.67,-46.46,64.4,82,90,17.22,BR,1604085066
513,Langham,52.37,-106.97,35.6,93,90,20.8,CA,1604085067
514,Morondava,-20.28,44.28,79.48,79,0,12.86,MG,1604085068
515,Camacha,33.08,-16.33,69.8,77,40,11.41,PT,1604084984
516,Dalby,-27.18,151.27,69.01,72,4,1.99,AU,1604085071
517,Opuwo,-18.06,13.84,78.15,40,54,7.61,NA,1604085072
518,Ixtapa,20.7,-105.2,84.99,66,5,8.05,MX,1604085073
519,Barcelos,41.54,-8.62,62.01,77,0,4.7,PT,1604085074
520,Toccoa,34.58,-83.33,69.8,35,1,6.93,US,1604085075
521,Sikasso,10.92,-7.0,81.48,35,0,2.89,ML,1604085076
522,Rena,61.13,11.36,37.99,89,100,6.78,NO,1604085078
523,Pozo Colorado,-23.49,-58.8,82.35,36,0,9.73,PY,1604085079
524,Palmer,42.16,-72.33,35.01,92,75,8.05,US,1604085080
525,Shingū,33.73,135.98,46.58,75,0,6.22,JP,1604084975
526,Conway,35.09,-92.44,59.0,47,1,4.83,US,1604084933
527,Okhotsk,59.38,143.3,20.73,87,100,13.98,RU,1604084986
528,Vostok,46.49,135.88,24.26,99,43,4.16,RU,1604085084
529,Hīt,33.64,42.83,68.04,23,0,6.33,IQ,1604085085
530,Goulburn,-34.75,149.72,55.99,90,100,11.14,AU,1604085087
531,Kenai,60.55,-151.26,10.4,85,1,3.36,US,1604085088
532,Avera,33.19,-82.53,69.8,49,1,11.41,US,1604084844
533,Dhidhdhoo,6.88,73.1,82.2,74,0,8.41,MV,1604084993
534,Chinhoyi,-17.37,30.2,75.34,33,0,6.6,ZW,1604085091
535,Vicksburg,32.35,-90.88,57.2,58,1,13.87,US,1604085092
536,Kumul,42.8,93.45,32.49,77,0,1.9,CN,1604085093
537,Shimoda,34.67,138.95,55.42,61,0,14.14,JP,1604085094
538,Kiryat Gat,31.61,34.76,77.0,100,90,3.0,IL,1604085096
539,Kumluca,36.37,30.29,67.93,70,8,3.33,TR,1604085097
540,Sukumo,32.93,132.73,50.32,77,0,3.0,JP,1604085100
541,Northam,51.03,-4.22,57.99,99,100,7.0,GB,1604085101
542,Saint George,37.1,-113.58,71.01,22,1,3.36,US,1604085044
543,Kyzyl-Suu,42.34,78.01,33.71,70,0,8.95,KG,1604085103
544,San Andrés,12.58,-81.7,75.2,100,75,14.99,CO,1604085104
545,Pestravka,52.41,49.96,41.36,67,100,8.52,RU,1604085105
546,Erenhot,43.65,111.98,39.24,67,0,26.28,CN,1604085107
547,Korla,41.76,86.15,41.0,70,0,5.01,CN,1604085108
548,Siguiri,11.67,-9.5,79.57,31,0,1.88,GN,1604085109
549,Bulawayo,-20.15,28.58,76.26,19,0,15.43,ZW,1604085110
550,Twin Falls,42.35,-114.64,68.0,16,1,14.99,US,1604085111
551,Nauta,-4.51,-73.58,79.66,93,100,4.12,PE,1604085112
552,Gigmoto,13.78,124.39,80.04,81,100,15.77,PH,1604085113
553,Springbok,-29.66,17.89,57.76,35,100,9.17,ZA,1604085114
554,Necochea,-38.55,-58.74,63.68,47,0,6.42,AR,1604084965
555,Codrington,-38.27,141.97,50.32,91,4,9.26,AU,1604085043
556,Longfeng,46.55,125.12,42.12,59,100,16.53,CN,1604085118
557,São Caetano de Odivelas,-0.75,-48.02,85.96,60,8,14.07,BR,1604085119
558,Layou,13.2,-61.27,80.6,94,75,9.17,VC,1604085120
559,Oktyabr'skiy,54.48,53.47,35.69,84,78,6.31,RU,1604085121
560,Moroni,-11.7,43.26,77.45,74,80,2.35,KM,1604085122
561,Bowen,-20.02,148.23,68.0,94,40,1.12,AU,1604085123
562,Rabo de Peixe,37.8,-25.58,69.8,88,75,17.22,PT,1604085125
563,Kontagora,10.4,5.47,79.77,37,21,1.68,NG,1604085126
564,Nouadhibou,20.93,-17.03,71.6,68,0,18.34,MR,1604084843
565,Sistranda,63.73,8.83,46.4,70,75,17.22,NO,1604085128
566,Helena,46.59,-112.04,42.8,60,1,8.05,US,1604085129
567,Orange Cove,36.62,-119.31,69.8,30,1,4.7,US,1604085130
568,Port Shepstone,-30.74,30.45,65.59,80,100,13.33,ZA,1604085066
569,Beyneu,45.32,55.2,45.84,60,22,19.15,KZ,1604085132
